threshold,precision,recall,f1,specificity,false_positive_rate,false_negative_rate,true_positives,true_negatives,false_positives,false_negatives,false_positive_cost,false_negative_cost,retention_campaign_cost_total,expected_avoided_churn,estimated_savings,business_cost
0.1,0.3454,0.9785,0.5105,0.332,0.668,0.0215,364,343,690,8,34500.0,4000.0,36400.0,109.2,72800.0,-34300.0
0.11,0.3527,0.9785,0.5185,0.3533,0.6467,0.0215,364,365,668,8,33400.0,4000.0,36400.0,109.2,72800.0,-35400.0
0.12,0.359,0.9785,0.5253,0.3708,0.6292,0.0215,364,383,650,8,32500.0,4000.0,36400.0,109.2,72800.0,-36300.0
0.13,0.3635,0.9731,0.5292,0.3863,0.6137,0.0269,362,399,634,10,31700.0,5000.0,36200.0,108.6,72400.0,-35700.0
0.14,0.3705,0.9731,0.5367,0.4046,0.5954,0.0269,362,418,615,10,30750.0,5000.0,36200.0,108.6,72400.0,-36650.0
0.15,0.3737,0.9704,0.5396,0.4143,0.5857,0.0296,361,428,605,11,30250.0,5500.0,36100.0,108.3,72200.0,-36450.0
0.16,0.3804,0.9704,0.5466,0.4308,0.5692,0.0296,361,445,588,11,29400.0,5500.0,36100.0,108.3,72200.0,-37300.0
0.17,0.3854,0.9677,0.5513,0.4443,0.5557,0.0323,360,459,574,12,28700.0,6000.0,36000.0,108.0,72000.0,-37300.0
0.18,0.3852,0.9651,0.5506,0.4453,0.5547,0.0349,359,460,573,13,28650.0,6500.0,35900.0,107.7,71800.0,-36650.0
0.19,0.3908,0.9624,0.5559,0.4598,0.5402,0.0376,358,475,558,14,27900.0,7000.0,35800.0,107.4,71600.0,-36700.0
0.2,0.3932,0.9597,0.5578,0.4666,0.5334,0.0403,357,482,551,15,27550.0,7500.0,35700.0,107.1,71400.0,-36350.0
0.21,0.3991,0.957,0.5633,0.4811,0.5189,0.043,356,497,536,16,26800.0,8000.0,35600.0,106.8,71200.0,-36400.0
0.22,0.4032,0.957,0.5673,0.4898,0.5102,0.043,356,506,527,16,26350.0,8000.0,35600.0,106.8,71200.0,-36850.0
0.23,0.4074,0.9516,0.5705,0.5015,0.4985,0.0484,354,518,515,18,25750.0,9000.0,35400.0,106.2,70800.0,-36050.0
0.24,0.4124,0.9489,0.5749,0.5131,0.4869,0.0511,353,530,503,19,25150.0,9500.0,35300.0,105.9,70600.0,-35950.0
0.25,0.415,0.9382,0.5754,0.5237,0.4763,0.0618,349,541,492,23,24600.0,11500.0,34900.0,104.7,69800.0,-33700.0
0.26,0.4168,0.9355,0.5766,0.5286,0.4714,0.0645,348,546,487,24,24350.0,12000.0,34800.0,104.4,69600.0,-33250.0
0.27,0.4207,0.9274,0.5789,0.5402,0.4598,0.0726,345,558,475,27,23750.0,13500.0,34500.0,103.5,69000.0,-31750.0
0.28,0.4263,0.9247,0.5835,0.5518,0.4482,0.0753,344,570,463,28,23150.0,14000.0,34400.0,103.2,68800.0,-31650.0
0.29,0.4316,0.9247,0.5885,0.5615,0.4385,0.0753,344,580,453,28,22650.0,14000.0,34400.0,103.2,68800.0,-32150.0
0.3,0.436,0.9247,0.5926,0.5692,0.4308,0.0753,344,588,445,28,22250.0,14000.0,34400.0,103.2,68800.0,-32550.0
0.31,0.4397,0.922,0.5955,0.577,0.423,0.078,343,596,437,29,21850.0,14500.0,34300.0,102.9,68600.0,-32250.0
0.32,0.444,0.9167,0.5982,0.5866,0.4134,0.0833,341,606,427,31,21350.0,15500.0,34100.0,102.3,68200.0,-31350.0
0.33,0.4484,0.9113,0.6011,0.5963,0.4037,0.0887,339,616,417,33,20850.0,16500.0,33900.0,101.7,67800.0,-30450.0
0.34,0.451,0.9032,0.6016,0.6041,0.3959,0.0968,336,624,409,36,20450.0,18000.0,33600.0,100.8,67200.0,-28750.0
0.35,0.456,0.8925,0.6036,0.6167,0.3833,0.1075,332,637,396,40,19800.0,20000.0,33200.0,99.6,66400.0,-26600.0
0.36,0.4597,0.8898,0.6062,0.6234,0.3766,0.1102,331,644,389,41,19450.0,20500.0,33100.0,99.3,66200.0,-26250.0
0.37,0.462,0.8817,0.6063,0.6302,0.3698,0.1183,328,651,382,44,19100.0,22000.0,32800.0,98.4,65600.0,-24500.0
0.38,0.4649,0.8737,0.6069,0.6379,0.3621,0.1263,325,659,374,47,18700.0,23500.0,32500.0,97.5,65000.0,-22800.0
0.39,0.4679,0.8629,0.6068,0.6467,0.3533,0.1371,321,668,365,51,18250.0,25500.0,32100.0,96.3,64200.0,-20450.0
0.4,0.4676,0.8548,0.6046,0.6496,0.3504,0.1452,318,671,362,54,18100.0,27000.0,31800.0,95.4,63600.0,-18500.0
0.41,0.4731,0.8522,0.6084,0.6583,0.3417,0.1478,317,680,353,55,17650.0,27500.0,31700.0,95.1,63400.0,-18250.0
0.42,0.4755,0.836,0.6062,0.668,0.332,0.164,311,690,343,61,17150.0,30500.0,31100.0,93.3,62200.0,-14550.0
0.43,0.4795,0.8172,0.6044,0.6805,0.3195,0.1828,304,703,330,68,16500.0,34000.0,30400.0,91.2,60800.0,-10300.0
0.44,0.4919,0.8172,0.6141,0.696,0.304,0.1828,304,719,314,68,15700.0,34000.0,30400.0,91.2,60800.0,-11100.0
0.45,0.4942,0.8065,0.6129,0.7028,0.2972,0.1935,300,726,307,72,15350.0,36000.0,30000.0,90.0,60000.0,-8650.0
0.46,0.4975,0.7957,0.6122,0.7106,0.2894,0.2043,296,734,299,76,14950.0,38000.0,29600.0,88.8,59200.0,-6250.0
0.47,0.4983,0.7823,0.6088,0.7164,0.2836,0.2177,291,740,293,81,14650.0,40500.0,29100.0,87.3,58200.0,-3050.0
0.48,0.5009,0.7715,0.6074,0.7231,0.2769,0.2285,287,747,286,85,14300.0,42500.0,28700.0,86.1,57400.0,-600.0
0.49,0.5099,0.7634,0.6114,0.7357,0.2643,0.2366,284,760,273,88,13650.0,44000.0,28400.0,85.2,56800.0,850.0
0.5,0.5185,0.7554,0.6149,0.7473,0.2527,0.2446,281,772,261,91,13050.0,45500.0,28100.0,84.3,56200.0,2350.0
0.51,0.5252,0.7554,0.6196,0.7541,0.2459,0.2446,281,779,254,91,12700.0,45500.0,28100.0,84.3,56200.0,2000.0
0.52,0.5257,0.7419,0.6154,0.759,0.241,0.2581,276,784,249,96,12450.0,48000.0,27600.0,82.8,55200.0,5250.0
0.53,0.529,0.7366,0.6157,0.7638,0.2362,0.2634,274,789,244,98,12200.0,49000.0,27400.0,82.2,54800.0,6400.0
0.54,0.5383,0.7366,0.622,0.7725,0.2275,0.2634,274,798,235,98,11750.0,49000.0,27400.0,82.2,54800.0,5950.0
0.55,0.5429,0.7312,0.6231,0.7783,0.2217,0.2688,272,804,229,100,11450.0,50000.0,27200.0,81.6,54400.0,7050.0
0.56,0.5464,0.7124,0.6184,0.787,0.213,0.2876,265,813,220,107,11000.0,53500.0,26500.0,79.5,53000.0,11500.0
0.57,0.5551,0.7043,0.6209,0.7967,0.2033,0.2957,262,823,210,110,10500.0,55000.0,26200.0,78.6,52400.0,13100.0
0.58,0.5597,0.6935,0.6194,0.8035,0.1965,0.3065,258,830,203,114,10150.0,57000.0,25800.0,77.4,51600.0,15550.0
0.59,0.5625,0.6774,0.6146,0.8103,0.1897,0.3226,252,837,196,120,9800.0,60000.0,25200.0,75.6,50400.0,19400.0
0.6,0.5656,0.672,0.6143,0.8141,0.1859,0.328,250,841,192,122,9600.0,61000.0,25000.0,75.0,50000.0,20600.0
0.61,0.5664,0.6532,0.6067,0.8199,0.1801,0.3468,243,847,186,129,9300.0,64500.0,24300.0,72.9,48600.0,25200.0
0.62,0.5728,0.6344,0.602,0.8296,0.1704,0.3656,236,857,176,136,8800.0,68000.0,23600.0,70.8,47200.0,29600.0
0.63,0.5764,0.6183,0.5966,0.8364,0.1636,0.3817,230,864,169,142,8450.0,71000.0,23000.0,69.0,46000.0,33450.0
0.64,0.581,0.6075,0.594,0.8422,0.1578,0.3925,226,870,163,146,8150.0,73000.0,22600.0,67.8,45200.0,35950.0
0.65,0.5898,0.5914,0.5906,0.8519,0.1481,0.4086,220,880,153,152,7650.0,76000.0,22000.0,66.0,44000.0,39650.0
0.66,0.5956,0.586,0.5908,0.8567,0.1433,0.414,218,885,148,154,7400.0,77000.0,21800.0,65.4,43600.0,40800.0
0.67,0.6061,0.5833,0.5945,0.8635,0.1365,0.4167,217,892,141,155,7050.0,77500.0,21700.0,65.1,43400.0,41150.0
0.68,0.6125,0.578,0.5947,0.8683,0.1317,0.422,215,897,136,157,6800.0,78500.0,21500.0,64.5,43000.0,42300.0
0.69,0.6217,0.5699,0.5947,0.8751,0.1249,0.4301,212,904,129,160,6450.0,80000.0,21200.0,63.6,42400.0,44050.0
0.7,0.6295,0.5618,0.5937,0.8809,0.1191,0.4382,209,910,123,163,6150.0,81500.0,20900.0,62.7,41800.0,45850.0
0.71,0.6341,0.5403,0.5835,0.8877,0.1123,0.4597,201,917,116,171,5800.0,85500.0,20100.0,60.3,40200.0,51100.0
0.72,0.6545,0.5296,0.5854,0.8993,0.1007,0.4704,197,929,104,175,5200.0,87500.0,19700.0,59.1,39400.0,53300.0
0.73,0.6678,0.5134,0.5805,0.908,0.092,0.4866,191,938,95,181,4750.0,90500.0,19100.0,57.3,38200.0,57050.0
0.74,0.6741,0.4892,0.567,0.9148,0.0852,0.5108,182,945,88,190,4400.0,95000.0,18200.0,54.6,36400.0,63000.0
0.75,0.6795,0.4731,0.5578,0.9197,0.0803,0.5269,176,950,83,196,4150.0,98000.0,17600.0,52.8,35200.0,66950.0
0.76,0.7016,0.4677,0.5613,0.9284,0.0716,0.5323,174,959,74,198,3700.0,99000.0,17400.0,52.2,34800.0,67900.0
0.77,0.7107,0.4624,0.5603,0.9322,0.0678,0.5376,172,963,70,200,3500.0,100000.0,17200.0,51.6,34400.0,69100.0
0.78,0.7124,0.4328,0.5385,0.9371,0.0629,0.5672,161,968,65,211,3250.0,105500.0,16100.0,48.3,32200.0,76550.0
0.79,0.7014,0.3978,0.5077,0.939,0.061,0.6022,148,970,63,224,3150.0,112000.0,14800.0,44.4,29600.0,85550.0
0.8,0.7035,0.3763,0.4904,0.9429,0.0571,0.6237,140,974,59,232,2950.0,116000.0,14000.0,42.0,28000.0,90950.0
0.81,0.7,0.3387,0.4565,0.9477,0.0523,0.6613,126,979,54,246,2700.0,123000.0,12600.0,37.8,25200.0,100500.0
0.82,0.7024,0.3172,0.437,0.9516,0.0484,0.6828,118,983,50,254,2500.0,127000.0,11800.0,35.4,23600.0,105900.0
0.83,0.6993,0.2876,0.4076,0.9555,0.0445,0.7124,107,987,46,265,2300.0,132500.0,10700.0,32.1,21400.0,113400.0
0.84,0.7111,0.2581,0.3787,0.9622,0.0378,0.7419,96,994,39,276,1950.0,138000.0,9600.0,28.8,19200.0,120750.0
0.85,0.6984,0.2366,0.3534,0.9632,0.0368,0.7634,88,995,38,284,1900.0,142000.0,8800.0,26.4,17600.0,126300.0
0.86,0.7321,0.2204,0.3388,0.971,0.029,0.7796,82,1003,30,290,1500.0,145000.0,8200.0,24.6,16400.0,130100.0
0.87,0.7474,0.1909,0.3041,0.9768,0.0232,0.8091,71,1009,24,301,1200.0,150500.0,7100.0,21.3,14200.0,137500.0
0.88,0.7692,0.1613,0.2667,0.9826,0.0174,0.8387,60,1015,18,312,900.0,156000.0,6000.0,18.0,12000.0,144900.0
0.89,0.791,0.1425,0.2415,0.9864,0.0136,0.8575,53,1019,14,319,700.0,159500.0,5300.0,15.9,10600.0,149600.0
0.9,0.7925,0.1129,0.1976,0.9894,0.0106,0.8871,42,1022,11,330,550.0,165000.0,4200.0,12.6,8400.0,157150.0
